epoch,step,train_accuracy_step,train_loss_step
0,0,0.44999998807907104,nan
0,1,0.15000000596046448,nan
0,2,0.550000011920929,nan
0,3,0.3499999940395355,nan
0,4,0.3499999940395355,nan
0,5,0.4000000059604645,nan
0,6,0.15000000596046448,nan
0,7,0.5,nan
0,8,0.30000001192092896,nan
0,9,0.5,nan
0,10,0.25,nan
