epoch,step,train_accuracy_step,train_loss_step
0,0,0.44999998807907104,nan
0,1,0.15000000596046448,nan
